{"stats":{"minecraft:used":{"minecraft:barrel":47,"minecraft:redstone_torch":405,"minecraft:glass":38,"minecraft:orange_stained_glass":6,"minecraft:white_wool":92,"minecraft:lever":189,"minecraft:target":79,"minecraft:black_wool":113,"minecraft:repeater":261,"minecraft:redstone_lamp":595,"minecraft:light_gray_stained_glass":4,"minecraft:rail":29,"minecraft:comparator":92,"minecraft:magenta_wool":17,"minecraft:red_wool":380,"minecraft:red_stained_glass":22,"minecraft:lime_stained_glass":37,"minecraft:brown_stained_glass":85,"minecraft:redstone":1122,"minecraft:light_blue_wool":8,"minecraft:brown_wool":46,"minecraft:lime_wool":528,"minecraft:oak_sign":35,"minecraft:orange_wool":229,"minecraft:stone_pressure_plate":4,"minecraft:sandstone":80,"minecraft:gray_wool":83,"minecraft:redstone_block":15,"minecraft:cyan_wool":1003,"minecraft:magenta_stained_glass":7,"minecraft:purple_wool":24,"minecraft:pink_wool":1,"minecraft:yellow_wool":36,"minecraft:cyan_stained_glass":124,"minecraft:gray_stained_glass":8},"minecraft:custom":{"minecraft:time_since_rest":890870,"minecraft:play_time":890870,"minecraft:crouch_one_cm":2269,"minecraft:sprint_one_cm":332473,"minecraft:walk_one_cm":108384,"minecraft:sneak_time":93036,"minecraft:jump":7805,"minecraft:leave_game":11,"minecraft:time_since_death":890870,"minecraft:total_world_time":1604832,"minecraft:fly_one_cm":8660843,"minecraft:open_barrel":4}},"DataVersion":2975}