{"stats":{"minecraft:dropped":{"minecraft:wooden_axe":1,"minecraft:lime_wool":1,"minecraft:magenta_wool":1},"minecraft:custom":{"minecraft:time_since_rest":15596057,"minecraft:inspect_dropper":24,"minecraft:sprint_one_cm":610571,"minecraft:walk_one_cm":160985,"minecraft:drop":3,"minecraft:fly_one_cm":14353966,"minecraft:open_barrel":20,"minecraft:crouch_one_cm":949,"minecraft:play_time":15596057,"minecraft:sneak_time":950292,"minecraft:interact_with_lectern":13,"minecraft:jump":14554,"minecraft:leave_game":24,"minecraft:time_since_death":15596057,"minecraft:total_world_time":19725367},"minecraft:used":{"minecraft:redstone_torch":297,"minecraft:sticky_piston":50,"minecraft:glass":33,"minecraft:lever":120,"minecraft:black_wool":82,"minecraft:light_gray_stained_glass":92,"minecraft:dropper":4,"minecraft:red_wool":128,"minecraft:yellow_stained_glass":4,"minecraft:red_stained_glass":1,"minecraft:redstone":1814,"minecraft:lime_wool":1195,"minecraft:green_wool":1,"minecraft:stone_button":143,"minecraft:oak_sign":50,"minecraft:sandstone":88,"minecraft:redstone_block":44,"minecraft:magenta_stained_glass":18,"minecraft:barrel":45,"minecraft:yellow_wool":33,"minecraft:light_gray_wool":147,"minecraft:white_wool":250,"minecraft:orange_stained_glass":2,"minecraft:repeater":510,"minecraft:redstone_lamp":352,"minecraft:target":32,"minecraft:comparator":165,"minecraft:magenta_wool":307,"minecraft:iron_trapdoor":17,"minecraft:lime_stained_glass":184,"minecraft:light_blue_wool":43,"minecraft:orange_wool":336,"minecraft:cyan_wool":769,"minecraft:observer":57,"minecraft:light_blue_stained_glass":2,"minecraft:cyan_stained_glass":90},"minecraft:picked_up":{"minecraft:wooden_axe":1,"minecraft:magenta_wool":1}},"DataVersion":2975}