{"stats":{"minecraft:used":{"minecraft:redstone_torch":5,"minecraft:light_gray_wool":198,"minecraft:white_wool":5,"minecraft:lever":7,"minecraft:black_wool":558,"minecraft:repeater":10,"minecraft:redstone_lamp":20,"minecraft:comparator":2,"minecraft:magenta_wool":254,"minecraft:red_wool":92,"minecraft:redstone":35,"minecraft:light_blue_wool":124,"minecraft:lime_wool":93,"minecraft:oak_sign":3,"minecraft:orange_wool":173,"minecraft:blue_wool":72,"minecraft:sandstone":396,"minecraft:cyan_wool":122,"minecraft:cyan_stained_glass":10},"minecraft:custom":{"minecraft:time_since_rest":377600,"minecraft:crouch_one_cm":2914,"minecraft:play_time":377600,"minecraft:sprint_one_cm":109644,"minecraft:walk_one_cm":101987,"minecraft:sneak_time":14307,"minecraft:jump":1048,"minecraft:leave_game":9,"minecraft:time_since_death":377600,"minecraft:total_world_time":543002,"minecraft:fly_one_cm":2921220}},"DataVersion":2975}