{"stats":{"minecraft:used":{"minecraft:redstone_torch":61,"minecraft:redstone_lamp":127,"minecraft:white_wool":2496,"minecraft:oak_sign":13,"minecraft:lever":4,"minecraft:repeater":147,"minecraft:comparator":1,"minecraft:redstone":1547,"minecraft:light_blue_wool":482},"minecraft:picked_up":{"minecraft:redstone_torch":4,"minecraft:repeater":2,"minecraft:oak_sign":7,"minecraft:redstone":11},"minecraft:custom":{"minecraft:jump":64,"minecraft:time_since_rest":184130,"minecraft:crouch_one_cm":321,"minecraft:leave_game":2,"minecraft:play_time":184130,"minecraft:sprint_one_cm":2283,"minecraft:time_since_death":184130,"minecraft:walk_one_cm":31990,"minecraft:sneak_time":4900,"minecraft:total_world_time":184552,"minecraft:fly_one_cm":1100500}},"DataVersion":3465}