{"stats":{"minecraft:used":{"minecraft:redstone_torch":26,"minecraft:oak_door":1,"minecraft:lever":27,"minecraft:white_wool":4,"minecraft:repeater":27,"minecraft:redstone_lamp":42,"minecraft:comparator":12,"minecraft:potion":1,"minecraft:light_blue_wool":32,"minecraft:redstone":248,"minecraft:oak_sign":20,"minecraft:light_blue_bed":1},"minecraft:custom":{"minecraft:time_since_rest":584,"minecraft:open_chest":1,"minecraft:crouch_one_cm":103,"minecraft:play_time":86227,"minecraft:sprint_one_cm":2101,"minecraft:deaths":2,"minecraft:damage_taken":1100,"minecraft:walk_one_cm":166770,"minecraft:sneak_time":1131,"minecraft:walk_under_water_one_cm":9990,"minecraft:jump":65,"minecraft:leave_game":2,"minecraft:walk_on_water_one_cm":2613,"minecraft:time_since_death":82813,"minecraft:sleep_in_bed":1,"minecraft:total_world_time":86674,"minecraft:swim_one_cm":18484,"minecraft:fall_one_cm":19877,"minecraft:fly_one_cm":132001},"minecraft:picked_up":{"minecraft:oak_sign":4,"minecraft:lever":9,"minecraft:redstone_torch":3,"minecraft:light_gray_wool":1,"minecraft:redstone":1,"minecraft:mutton":3,"minecraft:white_wool":1}},"DataVersion":3465}