{"stats":{"minecraft:custom":{"minecraft:time_since_rest":821544,"minecraft:crouch_one_cm":7160,"minecraft:play_time":821544,"minecraft:sprint_one_cm":243032,"minecraft:walk_one_cm":141299,"minecraft:sneak_time":52528,"minecraft:jump":2987,"minecraft:leave_game":14,"minecraft:time_since_death":821544,"minecraft:total_world_time":1926056,"minecraft:fly_one_cm":8487088},"minecraft:used":{"minecraft:barrel":12,"minecraft:redstone_torch":58,"minecraft:light_gray_wool":298,"minecraft:sticky_piston":14,"minecraft:glass":76,"minecraft:white_wool":445,"minecraft:lever":87,"minecraft:black_wool":345,"minecraft:repeater":59,"minecraft:redstone_lamp":233,"minecraft:target":8,"minecraft:comparator":14,"minecraft:magenta_wool":874,"minecraft:red_wool":183,"minecraft:red_concrete":4,"minecraft:redstone":453,"minecraft:light_blue_wool":222,"minecraft:lime_wool":212,"minecraft:green_wool":17,"minecraft:oak_sign":77,"minecraft:orange_wool":315,"minecraft:smooth_stone_slab":8,"minecraft:sandstone":478,"minecraft:cyan_wool":19,"minecraft:redstone_block":4,"minecraft:smooth_quartz":2,"minecraft:magenta_stained_glass":6}},"DataVersion":2975}