{"stats":{"minecraft:custom":{"minecraft:time_since_rest":975783,"minecraft:crouch_one_cm":2010,"minecraft:play_time":975783,"minecraft:sprint_one_cm":123598,"minecraft:walk_one_cm":69723,"minecraft:sneak_time":20720,"minecraft:drop":1,"minecraft:jump":1682,"minecraft:leave_game":5,"minecraft:time_since_death":975783,"minecraft:total_world_time":1477004,"minecraft:fly_one_cm":4531954,"minecraft:open_barrel":3},"minecraft:used":{"minecraft:barrel":18,"minecraft:redstone_torch":71,"minecraft:glass":22,"minecraft:sticky_piston":7,"minecraft:light_gray_wool":167,"minecraft:white_wool":211,"minecraft:lever":73,"minecraft:black_wool":298,"minecraft:repeater":43,"minecraft:redstone_lamp":126,"minecraft:comparator":35,"minecraft:magenta_wool":58,"minecraft:red_wool":120,"minecraft:redstone":335,"minecraft:light_blue_wool":92,"minecraft:lime_wool":100,"minecraft:green_wool":42,"minecraft:orange_wool":251,"minecraft:blue_wool":49,"minecraft:sandstone":149,"minecraft:redstone_block":11,"minecraft:cyan_wool":71,"minecraft:observer":16,"minecraft:purple_wool":124},"minecraft:dropped":{"minecraft:wooden_axe":1}},"DataVersion":2975}