{"stats":{"minecraft:custom":{"minecraft:time_since_rest":1045962,"minecraft:inspect_dropper":13,"minecraft:sprint_one_cm":476559,"minecraft:walk_one_cm":121313,"minecraft:drop":2,"minecraft:inspect_hopper":3,"minecraft:fly_one_cm":7474006,"minecraft:open_barrel":1,"minecraft:crouch_one_cm":2838,"minecraft:play_time":1045962,"minecraft:sneak_time":23131,"minecraft:jump":7839,"minecraft:leave_game":16,"minecraft:time_since_death":1045962,"minecraft:total_world_time":1705612,"minecraft:inspect_dispenser":1},"minecraft:dropped":{"minecraft:light_blue_wool":1,"minecraft:red_wool":1},"minecraft:picked_up":{"minecraft:red_wool":1,"minecraft:powder_snow_bucket":1,"minecraft:redstone":1,"minecraft:light_blue_wool":1},"minecraft:used":{"minecraft:redstone_torch":186,"minecraft:sticky_piston":5,"minecraft:glass":12,"minecraft:lever":111,"minecraft:light_gray_stained_glass":23,"minecraft:dropper":5,"minecraft:red_wool":82,"minecraft:dispenser":1,"minecraft:redstone":1068,"minecraft:oak_button":1,"minecraft:lime_wool":251,"minecraft:oak_sign":69,"minecraft:stone_button":128,"minecraft:green_wool":21,"minecraft:blue_wool":27,"minecraft:sandstone":87,"minecraft:redstone_block":98,"minecraft:barrel":3,"minecraft:light_gray_wool":116,"minecraft:white_wool":122,"minecraft:repeater":404,"minecraft:redstone_lamp":125,"minecraft:target":3,"minecraft:comparator":89,"minecraft:magenta_wool":26,"minecraft:iron_trapdoor":10,"minecraft:hopper":2,"minecraft:light_blue_wool":91,"minecraft:cyan_wool":14,"minecraft:observer":13}},"DataVersion":2975}